#CHROM,POS,ID,REF,ALT,PROVISIONAL_REF?,A1,OMITTED,A1_FREQ,FIRTH?,TEST,OBS_CT,OR,LOG(OR)_SE,Z_STAT,P,ERRCODE
1,92221608,rs284174,T,G,Y,G,T,0.478723,N,ADD,282,1.58158,0.167915,2.7301,0.00633153,.
3,3101825,rs9310935,G,A,Y,A,G,0.418149,N,ADD,281,1.70348,0.166545,3.19838,0.00138202,.
3,9363925,rs2324797,T,C,Y,C,T,0.425795,N,ADD,283,1.52374,0.168119,2.50517,0.0122393,.
3,26531783,rs2036429,G,A,Y,A,G,0.491228,N,ADD,285,1.80165,0.166658,3.53242,0.000411775,.
3,53282188,rs4687717,C,T,Y,T,C,0.480427,N,ADD,281,1.55285,0.167022,2.63494,0.00841521,.
4,6697766,rs3822262,A,C,Y,C,A,0.498195,N,ADD,277,1.64927,0.167964,2.97882,0.00289357,.
4,42819241,rs1450917,G,A,Y,A,G,0.476703,N,ADD,279,1.50089,0.165425,2.45465,0.0141022,.
4,132031992,rs12499097,C,A,Y,A,C,0.451786,N,ADD,280,1.72146,0.169106,3.21205,0.00131793,.
5,96155518,rs28129,T,C,Y,C,T,0.433692,N,ADD,279,1.50983,0.164515,2.50431,0.012269,.
6,31082404,rs3130980,C,T,Y,T,C,0.458781,N,ADD,279,1.52058,0.169737,2.46906,0.0135467,.
6,32561445,rs9270593,A,G,Y,G,A,0.489324,N,ADD,281,1.63978,0.169583,2.91634,0.00354159,.
6,36978745,rs1724088,C,T,Y,T,C,0.414035,N,ADD,285,1.68203,0.169556,3.06685,0.00216331,.
6,111944596,rs7764009,G,T,Y,T,G,0.445848,N,ADD,277,1.50154,0.165182,2.46086,0.0138606,.
7,22779095,rs77529569,T,C,Y,C,T,0.384211,N,ADD,285,1.53015,0.163388,2.60343,0.00922966,.
7,121100885,rs7806789,A,G,Y,G,A,0.49639,N,ADD,277,1.54188,0.167322,2.58785,0.0096577,.
8,109261780,rs4735054,T,G,Y,G,T,0.482143,N,ADD,280,1.50186,0.168113,2.41921,0.0155544,.
9,7472661,rs2381609,C,T,Y,T,C,0.483986,N,ADD,281,1.57336,0.169459,2.67448,0.00748452,.
9,34115076,rs11788468,T,C,Y,C,T,0.385714,N,ADD,280,1.56297,0.166482,2.68249,0.00730772,.
9,34835861,rs924566,C,G,Y,G,C,0.471429,N,ADD,280,1.7404,0.167928,3.29972,0.000967822,.
9,34893216,rs10429551,C,T,Y,T,C,0.466071,N,ADD,280,1.72165,0.168425,3.22567,0.00125679,.
9,34894849,rs7854429,T,C,Y,C,T,0.48227,N,ADD,282,1.61533,0.167155,2.86883,0.00411998,.
9,83992174,rs7861609,C,T,Y,T,C,0.458929,N,ADD,280,1.52226,0.169736,2.47559,0.0133015,.
9,88018856,rs2841455,G,T,Y,T,G,0.46595,N,ADD,279,1.59507,0.163668,2.85284,0.00433304,.
10,30895478,rs661893,C,T,Y,T,C,0.382562,N,ADD,281,1.50234,0.168533,2.41508,0.0157315,.
10,93604600,rs2297960,A,T,Y,T,A,0.491135,N,ADD,282,1.55669,0.166889,2.65183,0.0080056,.
11,1714736,rs10839220,C,A,Y,A,C,0.382456,N,ADD,285,1.55025,0.169843,2.58131,0.0098426,.
11,60221420,rs3809088,G,A,Y,A,G,0.405923,N,ADD,287,1.51416,0.165764,2.5027,0.0123251,.
12,108054624,rs2374710,C,T,Y,T,C,0.45,N,ADD,280,1.66019,0.164629,3.07925,0.00207524,.
12,108056596,rs11113426,A,G,Y,G,A,0.491071,N,ADD,280,1.60039,0.16745,2.8083,0.00498041,.
12,108061806,rs4964604,T,C,Y,C,T,0.402827,N,ADD,283,1.53377,0.167891,2.54765,0.010845,.
13,40540581,rs9576933,C,T,Y,T,C,0.416968,N,ADD,277,1.59447,0.169739,2.74857,0.00598558,.
15,94932855,rs3784650,T,C,Y,C,T,0.393617,N,ADD,282,1.50041,0.166986,2.42977,0.0151084,.
15,94937370,rs11633291,G,A,Y,A,G,0.327402,N,ADD,281,1.54548,0.169628,2.5664,0.010276,.
18,20875774,rs2337025,C,T,Y,T,C,0.478417,N,ADD,278,1.54231,0.1687,2.56835,0.0102184,.
18,20880290,rs1865307,C,T,Y,T,C,0.473404,N,ADD,282,1.50947,0.166699,2.47008,0.0135081,.
18,31524913,rs1470829,C,A,Y,A,C,0.329181,N,ADD,281,1.65268,0.169999,2.95531,0.0031235,.
19,16437048,rs12462380,A,G,Y,G,A,0.467972,N,ADD,281,1.50956,0.164155,2.50872,0.0121168,.
20,41403176,rs1885834,A,G,Y,G,A,0.388889,N,ADD,279,1.60989,0.167658,2.84009,0.00451002,.
20,49058029,rs742600,C,T,Y,T,C,0.48741,N,ADD,278,1.64445,0.168025,2.96032,0.00307321,.
21,32492492,rs2070409,C,T,Y,T,C,0.492857,N,ADD,280,1.50643,0.167983,2.43918,0.0147207,.
21,47018961,rs6518252,C,G,Y,G,C,0.466192,N,ADD,281,1.50716,0.16694,2.45735,0.0139968,.
X,44297063,rs6520936,G,A,Y,A,G,0.445055,N,ADD,273,1.56023,0.157577,2.82297,0.00475816,.
