,#CHROM,POS,ID,REF,ALT,PROVISIONAL_REF?,A1,OMITTED,A1_FREQ,FIRTH?,TEST,OBS_CT,OR,LOG(OR)_SE,Z_STAT,P,ERRCODE
4756,1,30892426,rs10489163,A,G,Y,G,A,0.413978,N,ADD,279,0.673494,0.164918,-2.39681,0.0165385,.
4789,1,32173360,rs4295917,G,A,Y,A,G,0.448399,N,ADD,281,0.682332,0.161308,-2.36962,0.0178064,.
8418,1,92223976,rs284176,G,A,Y,A,G,0.43705,N,ADD,278,1.43989,0.16459,2.21499,0.0267604,.
19410,1,183399613,imm_1_181666236,G,A,Y,A,G,0.491039,N,ADD,279,0.725386,0.160907,-1.99526,0.0460147,.
19414,1,183401215,imm_1_181667838,G,A,Y,A,G,0.490975,N,ADD,277,0.718737,0.16316,-2.02415,0.0429546,.
20577,1,192582353,seq-rs6428116,A,G,Y,G,A,0.5,N,ADD,279,0.707476,0.164785,-2.10002,0.0357269,.
25414,1,214101626,rs1019969,C,T,Y,T,C,0.485866,N,ADD,283,0.711239,0.162688,-2.09447,0.0362177,.
26608,1,237457675,rs10754596,A,G,Y,G,A,0.456989,N,ADD,279,0.664554,0.16485,-2.47885,0.0131806,.
29282,2,31611029,rs2073316,G,A,Y,A,G,0.400356,N,ADD,281,1.40641,0.164056,2.07878,0.0376378,.
29291,2,31659226,rs2365772,C,T,Y,T,C,0.410714,N,ADD,280,1.48481,0.164738,2.39949,0.0164179,.
29658,2,37354149,rs4233921,T,C,Y,C,T,0.480634,N,ADD,284,0.694231,0.159582,-2.28692,0.0222006,.
35456,2,80697728,rs7419716,C,G,Y,G,C,0.48741,N,ADD,278,0.635003,0.163076,-2.78474,0.005357,.
39368,2,103103289,imm_2_102469721,C,T,Y,T,C,0.482394,N,ADD,284,0.707619,0.163866,-2.11057,0.0348094,.
40482,2,122987589,rs1432311,C,T,Y,T,C,0.457143,N,ADD,280,0.649614,0.164219,-2.62684,0.00861813,.
40483,2,122997532,rs934390,T,G,Y,G,T,0.480287,N,ADD,279,0.686365,0.161835,-2.32549,0.0200459,.
40852,2,134762115,rs13006885,A,T,Y,T,A,0.405694,N,ADD,281,0.723791,0.162131,-1.99377,0.0461767,.
41654,2,148555489,rs2042555,C,T,Y,T,C,0.407143,N,ADD,280,1.48538,0.164064,2.4117,0.0158785,.
50366,2,226244129,rs9973944,T,C,Y,C,T,0.455357,N,ADD,280,0.720275,0.160151,-2.04883,0.0404787,.
54451,3,21280050,rs6550578,A,G,Y,G,A,0.402135,N,ADD,281,1.38418,0.163108,1.99321,0.0462389,.
54557,3,22327742,rs2638148,T,C,Y,C,T,0.453901,N,ADD,282,0.723434,0.162652,-1.99042,0.0465448,.
55423,3,30341425,rs9819616,A,G,Y,G,A,0.44306,N,ADD,281,0.71108,0.16047,-2.12483,0.0336011,.
55742,3,33057103,imm_3_33032107,A,G,Y,G,A,0.483871,N,ADD,279,0.679769,0.164036,-2.35316,0.0186145,.
55743,3,33057103,rs6777787,A,G,Y,G,A,0.483871,N,ADD,279,0.679769,0.164036,-2.35316,0.0186145,.
62829,3,66475868,rs783511,T,C,Y,C,T,0.428826,N,ADD,281,0.699423,0.162891,-2.19472,0.0281838,.
67743,3,161047974,rs960212,A,G,Y,G,A,0.46831,N,ADD,284,0.723385,0.164012,-1.97433,0.0483441,.
69138,3,190265429,rs3773989,T,C,Y,C,T,0.492958,N,ADD,284,1.43593,0.162837,2.22192,0.0262888,.
70801,4,26057681,imm_4_25666779,T,C,Y,C,T,0.411032,N,ADD,281,1.41007,0.163966,2.0958,0.0361002,.
70802,4,26059648,imm_4_25668746,A,G,Y,G,A,0.426259,N,ADD,278,1.42137,0.163144,2.15527,0.031141,.
71523,4,40337908,rs10022491,T,C,Y,C,T,0.498214,N,ADD,280,1.4031,0.160033,2.11636,0.0343142,.
80708,5,2755485,5_2808485,C,T,Y,T,C,0.39539,N,ADD,282,1.61617,0.164312,2.92163,0.00348205,.
80824,5,4365468,rs261119,A,G,Y,G,A,0.45922,N,ADD,282,1.41197,0.157975,2.18379,0.0289774,.
81239,5,10942243,rs852564,C,T,Y,T,C,0.452465,N,ADD,284,1.45764,0.159702,2.35952,0.0182984,.
81700,5,25779886,rs2199787,T,C,Y,C,T,0.412587,N,ADD,286,0.699617,0.16434,-2.17368,0.0297289,.
86076,5,94150212,rs255332,T,C,Y,C,T,0.47491,N,ADD,279,0.712678,0.161,-2.10389,0.0353876,.
86659,5,96142691,imm_5_96168447,C,T,Y,T,C,0.405357,N,ADD,280,1.38587,0.163804,1.99217,0.0463527,.
86681,5,96150911,imm_5_96176667,T,C,Y,C,T,0.435714,N,ADD,280,1.48036,0.162477,2.41441,0.0157609,.
86688,5,96152383,imm_5_96178139,G,A,Y,A,G,0.433213,N,ADD,277,1.46452,0.16408,2.32528,0.0200572,.
86689,5,96152588,imm_5_96178344,C,T,Y,T,C,0.430108,N,ADD,279,1.42399,0.162855,2.17041,0.0299755,.
86691,5,96153133,imm_5_96178889,C,T,Y,T,C,0.428058,N,ADD,278,1.40578,0.163374,2.08473,0.0370934,.
86692,5,96153491,imm_5_96179247,C,T,Y,T,C,0.432143,N,ADD,280,1.44903,0.163469,2.26891,0.0232737,.
86695,5,96153966,imm_5_96179722,G,A,Y,A,G,0.430357,N,ADD,280,1.42657,0.162861,2.18144,0.0291508,.
86699,5,96154919,imm_5_96180675,G,A,Y,A,G,0.435714,N,ADD,280,1.52853,0.164037,2.58664,0.00969179,.
86700,5,96155229,imm_5_96180985,G,A,Y,A,G,0.433453,N,ADD,278,1.50721,0.164505,2.4939,0.012635,.
86702,5,96155518,imm_5_96181274,A,G,Y,G,A,0.433692,N,ADD,279,1.50983,0.164515,2.50431,0.012269,.
86703,5,96155518,rs28129,T,C,Y,C,T,0.433692,N,ADD,279,1.50983,0.164515,2.50431,0.012269,.
86704,5,96155900,imm_5_96181656,A,G,Y,G,A,0.428826,N,ADD,281,1.44497,0.162648,2.26309,0.02363,.
86706,5,96156224,imm_5_96181980,A,G,Y,G,A,0.430357,N,ADD,280,1.465,0.163246,2.33916,0.0193273,.
86707,5,96156494,imm_5_96182250,G,A,Y,A,G,0.4375,N,ADD,280,1.54458,0.16356,2.65804,0.00785968,.
86710,5,96156888,imm_5_96182644,C,T,Y,T,C,0.435714,N,ADD,280,1.52853,0.164037,2.58664,0.00969179,.
86711,5,96156956,imm_5_96182712,A,C,Y,C,A,0.439716,N,ADD,282,1.56546,0.163128,2.74742,0.00600655,.
86712,5,96157084,imm_5_96182840,G,A,Y,A,G,0.437722,N,ADD,281,1.54707,0.163575,2.66766,0.00763813,.
86713,5,96157541,imm_5_96183297,C,T,Y,T,C,0.435484,N,ADD,279,1.52597,0.164025,2.57662,0.00997707,.
86715,5,96157648,ccc-5-96183404-G-C,C,G,Y,G,C,0.434629,N,ADD,283,1.50387,0.162305,2.51403,0.0119361,.
86716,5,96157689,imm_5_96183445,G,A,Y,A,G,0.430108,N,ADD,279,1.46979,0.164373,2.34294,0.0191324,.
86717,5,96157846,imm_5_96183602,G,A,Y,A,G,0.429856,N,ADD,278,1.46708,0.164366,2.33186,0.0197082,.
86718,5,96157854,imm_5_96183610,G,C,Y,C,G,0.433929,N,ADD,280,1.50423,0.163381,2.49897,0.0124554,.
87077,5,96254817,imm_5_96280573,G,A,Y,A,G,0.489362,N,ADD,282,0.705261,0.164898,-2.11759,0.0342096,.
90914,5,132025487,imm_5_132053386,A,T,Y,T,A,0.480357,N,ADD,280,0.719628,0.162211,-2.02835,0.042525,.
90943,5,132042007,imm_5_132069906,T,C,Y,C,T,0.468085,N,ADD,282,0.712346,0.161155,-2.10475,0.0353134,.
90965,5,132049116,imm_5_132077015,T,C,Y,C,T,0.468085,N,ADD,282,0.712346,0.161155,-2.10475,0.0353134,.
90985,5,132065880,imm_5_132093779,T,C,Y,C,T,0.465704,N,ADD,277,0.712618,0.162961,-2.07908,0.0376097,.
93830,5,152184299,rs11952081,A,G,Y,G,A,0.40681,N,ADD,279,1.39766,0.163207,2.05139,0.0402285,.
96633,5,176176383,rs2962783,C,T,Y,T,C,0.496429,N,ADD,280,1.40555,0.163654,2.08018,0.0375086,.
96706,5,178363254,rs13362387,T,C,Y,C,T,0.401079,N,ADD,278,1.4245,0.164622,2.14928,0.031612,.
96718,5,178461594,rs11741906,G,A,Y,A,G,0.4,N,ADD,280,1.43409,0.163283,2.20802,0.0272429,.
103819,6,30426663,1kg_6_30534642,G,C,Y,C,G,0.473684,N,ADD,285,1.38631,0.16429,1.98824,0.0467849,.
104763,6,31026434,rs2517523,T,C,Y,C,T,0.478571,N,ADD,280,0.721892,0.164812,-1.97728,0.0480098,.
104784,6,31044468,rs2905759,G,A,Y,A,G,0.473592,N,ADD,284,0.716681,0.163409,-2.03859,0.0414908,.
104787,6,31046528,rs2523843,T,C,Y,C,T,0.468198,N,ADD,283,0.688073,0.163695,-2.28389,0.0223781,.
104793,6,31050179,rs9263473,A,G,Y,G,A,0.482143,N,ADD,280,0.722006,0.164771,-1.97682,0.0480618,.
104914,6,31091273,rs3131000,C,G,Y,G,C,0.483813,N,ADD,278,0.716742,0.163292,-2.03953,0.0413971,.
104915,6,31091447,rs3095310,A,G,Y,G,A,0.483871,N,ADD,279,0.720267,0.162147,-2.02367,0.0430039,.
104920,6,31093066,rs3095302,T,C,Y,C,T,0.427046,N,ADD,281,0.706311,0.163422,-2.12762,0.0333684,.
104922,6,31093356,rs3095301,G,A,Y,A,G,0.425532,N,ADD,282,0.699301,0.163154,-2.19225,0.0283613,.
104923,6,31093482,rs3131003,A,G,Y,G,A,0.424731,N,ADD,279,0.710068,0.164154,-2.08581,0.0369954,.
107428,6,32509435,rs72853949,A,T,Y,T,A,0.434164,N,ADD,281,1.40888,0.164509,2.08375,0.037183,.
108477,6,32804553,rs241426,T,A,Y,A,T,0.430851,N,ADD,282,0.709466,0.162993,-2.10587,0.0352156,.
111579,6,52050493,rs8193036,T,C,Y,C,T,0.456989,N,ADD,279,1.38327,0.162303,1.99905,0.0456025,.
112623,6,89917803,rs881293,C,G,Y,G,C,0.469643,N,ADD,280,0.716216,0.162619,-2.05248,0.0401228,.
115408,6,111944979,rs1476043,A,G,Y,G,A,0.444444,N,ADD,279,1.48153,0.164509,2.38937,0.0168773,.
121001,6,164538607,rs206686,T,C,Y,C,T,0.483986,N,ADD,281,1.41681,0.163326,2.13321,0.0329074,.
123411,7,22779095,rs77529569,T,C,Y,C,T,0.384211,N,ADD,285,1.53015,0.163388,2.60343,0.00922966,.
127902,7,51066910,imm_7_51034404,C,T,Y,T,C,0.44523,N,ADD,283,0.725443,0.158595,-2.02385,0.0429853,.
127919,7,51073893,imm_7_51041387,C,T,Y,T,C,0.439502,N,ADD,281,0.6444,0.160401,-2.7396,0.00615138,.
131451,7,131714663,rs10954351,C,T,Y,T,C,0.432143,N,ADD,280,1.37978,0.163866,1.96455,0.0494666,.
131970,7,147713802,rs12671605,C,T,Y,T,C,0.466312,N,ADD,282,0.710113,0.16494,-2.07549,0.037941,.
132354,7,154137150,rs11981725,C,A,Y,A,C,0.445035,N,ADD,282,0.671669,0.164854,-2.41419,0.0157704,.
135371,8,11111242,1kg_8_11148652,G,A,Y,A,G,0.482143,N,ADD,280,0.709978,0.162817,-2.10372,0.0354026,.
135372,8,11111462,1kg_8_11148872,A,T,Y,T,A,0.431655,N,ADD,278,0.692791,0.164922,-2.22547,0.02605,.
135377,8,11113089,1kg_8_11150499,G,A,Y,A,G,0.433099,N,ADD,284,0.724092,0.161951,-1.99342,0.0462158,.
135403,8,11118527,1kg_8_11155937,G,A,Y,A,G,0.47153,N,ADD,281,0.692378,0.16243,-2.26328,0.0236185,.
135406,8,11118983,1kg_8_11156393,T,C,Y,C,T,0.494643,N,ADD,280,1.39572,0.158982,2.09714,0.0359812,.
135409,8,11119760,1kg_8_11157170,A,G,Y,G,A,0.494585,N,ADD,277,1.44476,0.16148,2.27855,0.0226935,.
135421,8,11121498,1kg_8_11158908,A,T,Y,T,A,0.5,N,ADD,281,1.38877,0.160375,2.04784,0.040576,.
135424,8,11123029,1kg_8_11160439,T,G,Y,G,T,0.5,N,ADD,279,1.46243,0.161105,2.35932,0.0183086,.
135451,8,11133175,1kg_8_11170585,G,A,Y,A,G,0.471631,N,ADD,282,0.72304,0.163939,-1.97812,0.0479153,.
135523,8,11163256,1kg_8_11200666,T,G,Y,G,T,0.476619,N,ADD,278,0.718483,0.162338,-2.03657,0.0416933,.
135580,8,11185671,1kg_8_11223081,T,G,Y,G,T,0.418728,N,ADD,283,0.697485,0.164804,-2.18609,0.0288094,.
139078,8,58715767,rs1347529,A,G,Y,G,A,0.492908,N,ADD,282,1.40433,0.163611,2.07541,0.0379481,.
141148,8,82322461,rs1843561,T,C,Y,C,T,0.427046,N,ADD,281,0.725383,0.163043,-1.96915,0.0489356,.
141149,8,82326407,rs2084635,T,C,Y,C,T,0.448763,N,ADD,283,0.699223,0.161863,-2.21043,0.0270757,.
141150,8,82353078,rs2167255,A,C,Y,C,A,0.453737,N,ADD,281,0.728429,0.160556,-1.97355,0.0484334,.
142188,8,114290032,rs1402944,A,G,Y,G,A,0.48227,N,ADD,282,0.692182,0.163133,-2.25525,0.0241175,.
144007,8,129268140,imm_8_129337322,T,C,Y,C,T,0.480634,N,ADD,284,1.42256,0.158357,2.22574,0.0260313,.
144008,8,129268232,imm_8_129337414,G,A,Y,A,G,0.482206,N,ADD,281,1.47235,0.158385,2.44253,0.0145848,.
144019,8,129274507,imm_8_129343689,C,G,Y,G,C,0.489209,N,ADD,278,1.36812,0.157321,1.99236,0.046332,.
145176,9,2949317,rs10813070,G,T,Y,T,G,0.4125,N,ADD,280,0.726139,0.162316,-1.97155,0.048661,.
145177,9,2949527,rs10813073,T,G,Y,G,T,0.4125,N,ADD,280,0.726139,0.162316,-1.97155,0.048661,.
145179,9,2953426,rs10757866,T,C,Y,C,T,0.417563,N,ADD,279,0.697217,0.162012,-2.22612,0.0260061,.
145180,9,2956501,rs4740701,A,G,Y,G,A,0.409574,N,ADD,282,0.727604,0.161601,-1.9678,0.0490912,.
147787,9,13592808,rs10123240,G,A,Y,A,G,0.494624,N,ADD,279,0.707772,0.161195,-2.14419,0.0320179,.
147988,9,16538595,rs1927615,A,G,Y,G,A,0.473214,N,ADD,280,1.40051,0.161352,2.08758,0.0368361,.
148921,9,34124860,rs2275003,C,T,Y,T,C,0.487544,N,ADD,281,1.496,0.164096,2.45461,0.0141037,.
149172,9,34776288,imm_9_34766288,T,C,Y,C,T,0.462633,N,ADD,281,0.695786,0.163303,-2.22111,0.0263434,.
149174,9,34778450,imm_9_34768450,G,A,Y,A,G,0.464158,N,ADD,279,0.721521,0.163306,-1.99866,0.0456451,.
149180,9,34783040,imm_9_34773040,C,T,Y,T,C,0.460714,N,ADD,280,0.717892,0.164571,-2.01394,0.044016,.
149190,9,34786380,imm_9_34776380,T,C,Y,C,T,0.458929,N,ADD,280,0.709172,0.164299,-2.09166,0.036469,.
149245,9,34818275,imm_9_34808275,G,A,Y,A,G,0.484099,N,ADD,283,0.663236,0.164317,-2.49897,0.0124555,.
149276,9,34836496,imm_9_34826496,G,A,Y,A,G,0.447183,N,ADD,284,0.72311,0.163016,-1.98872,0.0467316,.
149280,9,34838003,imm_9_34828003,C,T,Y,T,C,0.498214,N,ADD,280,1.53262,0.163417,2.61281,0.00898009,.
149281,9,34838879,imm_9_34828879,G,A,Y,A,G,0.496429,N,ADD,280,0.631624,0.162429,-2.82869,0.00467392,.
149286,9,34840878,imm_9_34830878,T,G,Y,G,T,0.480702,N,ADD,285,1.59343,0.162143,2.87333,0.00406175,.
149290,9,34843372,imm_9_34833372,G,A,Y,A,G,0.496454,N,ADD,282,0.710367,0.157621,-2.1696,0.0300374,.
149291,9,34844446,imm_9_34834446,C,G,Y,G,C,0.498221,N,ADD,281,1.53249,0.16339,2.61272,0.00898257,.
149296,9,34857898,imm_9_34847898,A,G,Y,G,A,0.482206,N,ADD,281,1.62758,0.164105,2.96817,0.00299575,.
149297,9,34857969,imm_9_34847969,T,G,Y,G,T,0.483929,N,ADD,280,1.65521,0.164954,3.05496,0.00225089,.
149385,9,34915605,imm_9_34905605,T,G,Y,G,T,0.473118,N,ADD,279,0.721026,0.161344,-2.02721,0.0426406,.
149392,9,34918201,imm_9_34908201,G,A,Y,A,G,0.451439,N,ADD,278,1.527,0.16048,2.63776,0.00834549,.
149395,9,34920429,rs2173897,T,C,Y,C,T,0.448399,N,ADD,281,1.48635,0.159224,2.48909,0.012807,.
149400,9,34923049,imm_9_34913049,T,G,Y,G,T,0.446886,N,ADD,273,1.44988,0.157936,2.3521,0.0186676,.
149401,9,34924487,imm_9_34914487,C,T,Y,T,C,0.483577,N,ADD,274,1.81859,0.164956,3.62559,0.000288302,.
149402,9,34925271,imm_9_34915271,T,G,Y,G,T,0.448029,N,ADD,279,1.52075,0.159607,2.62646,0.00862777,.
149403,9,34925658,imm_9_34915658,G,C,Y,C,G,0.457295,N,ADD,281,1.58788,0.160372,2.88329,0.00393541,.
149406,9,34926928,imm_9_34916928,A,C,Y,C,A,0.453571,N,ADD,280,1.54272,0.160061,2.70864,0.00675603,.
149409,9,34928487,imm_9_34918487,G,T,Y,T,G,0.460993,N,ADD,282,1.62762,0.16068,3.03161,0.00243251,.
149414,9,34929754,imm_9_34919754,G,C,Y,C,G,0.45,N,ADD,280,1.6283,0.161197,3.02449,0.00249051,.
149416,9,34930349,imm_9_34920349,T,C,Y,C,T,0.455197,N,ADD,279,1.5779,0.161851,2.818,0.00483237,.
149418,9,34930618,imm_9_34920618,A,G,Y,G,A,0.456835,N,ADD,278,1.59228,0.161443,2.8813,0.00396044,.
149419,9,34932176,imm_9_34922176,C,T,Y,T,C,0.455197,N,ADD,279,1.5779,0.161851,2.818,0.00483237,.
149420,9,34932195,imm_9_34922195,C,T,Y,T,C,0.451439,N,ADD,278,1.56336,0.160902,2.77709,0.00548485,.
149436,9,34942510,rs7848532,A,C,Y,C,A,0.453571,N,ADD,280,1.48388,0.161405,2.44516,0.0144788,.
149447,9,34957613,imm_9_34947613,A,G,Y,G,A,0.413978,N,ADD,279,1.44759,0.164,2.25549,0.0241024,.
149448,9,34957613,rs7031962,A,G,Y,G,A,0.411871,N,ADD,278,1.42875,0.16455,2.16832,0.0301341,.
150362,9,88018856,rs2841455,G,T,Y,T,G,0.46595,N,ADD,279,1.59507,0.163668,2.85284,0.00433304,.
150696,9,91648991,rs9410301,C,T,Y,T,C,0.391071,N,ADD,280,0.694289,0.164603,-2.21665,0.0266469,.
155826,10,6108439,imm_10_6148445,G,A,Y,A,G,0.420213,N,ADD,282,0.723856,0.164677,-1.96241,0.0497147,.
156971,10,8114388,rs3802597,C,T,Y,T,C,0.48556,N,ADD,277,0.719021,0.159616,-2.06662,0.0387699,.
159172,10,30905934,rs1798571,C,T,Y,T,C,0.411032,N,ADD,281,1.40372,0.162846,2.08249,0.0372976,.
163515,10,62357645,imm_10_62027651,G,A,Y,A,G,0.457447,N,ADD,282,1.42854,0.163768,2.17779,0.0294215,.
164573,10,67476132,rs1904723,G,A,Y,A,G,0.478723,N,ADD,282,1.4067,0.164924,2.0691,0.038537,.
165121,10,77883756,rs1898080,C,T,Y,T,C,0.45053,N,ADD,283,1.3984,0.164921,2.03328,0.0420239,.
167228,10,93368504,rs4933212,G,A,Y,A,G,0.492806,N,ADD,278,1.40404,0.163655,2.07359,0.0381178,.
167856,10,104418656,rs7923415,T,C,Y,C,T,0.47695,N,ADD,282,1.49367,0.164251,2.44281,0.0145735,.
168841,10,125973233,rs4625411,G,A,Y,A,G,0.483871,N,ADD,279,1.42244,0.164494,2.14218,0.0321788,.
169866,11,686714,imm_11_676714,A,G,Y,G,A,0.442105,N,ADD,285,1.39391,0.160688,2.06682,0.038751,.
169869,11,688091,imm_11_678091,T,C,Y,C,T,0.442857,N,ADD,280,1.41102,0.162334,2.12102,0.0339202,.
169878,11,691636,imm_11_681636,A,G,Y,G,A,0.448029,N,ADD,279,1.49388,0.161325,2.48799,0.0128466,.
175319,11,76920038,rs885442,C,A,Y,A,C,0.442446,N,ADD,278,1.41983,0.164581,2.12986,0.0331829,.
175413,11,79270366,rs1944718,G,A,Y,A,G,0.48227,N,ADD,282,1.38904,0.16151,2.03464,0.0418874,.
179877,11,128502496,rs4936059,G,A,Y,A,G,0.464413,N,ADD,281,1.42376,0.162347,2.17622,0.0295391,.
180129,11,133101524,rs12418625,G,A,Y,A,G,0.460432,N,ADD,278,1.39172,0.164394,2.01065,0.0443622,.
182455,12,10772983,rs1870194,C,T,Y,T,C,0.487544,N,ADD,281,0.697285,0.164531,-2.19144,0.02842,.
183355,12,27028468,rs7980524,A,G,Y,G,A,0.416961,N,ADD,283,1.4377,0.164197,2.21103,0.0270335,.
189865,12,108054624,rs2374710,C,T,Y,T,C,0.45,N,ADD,280,1.66019,0.164629,3.07925,0.00207524,.
194010,13,36143343,rs1777664,C,A,Y,A,C,0.439068,N,ADD,279,1.42172,0.164825,2.13481,0.0327762,.
198949,13,111575914,rs4773279,A,T,Y,T,A,0.45,N,ADD,280,1.41796,0.163015,2.14224,0.0321741,.
199374,14,26474694,rs1956628,A,G,Y,G,A,0.403915,N,ADD,281,0.660384,0.163288,-2.54111,0.01105,.
199606,14,32877610,rs17098988,C,T,Y,T,C,0.460993,N,ADD,282,0.721544,0.151996,-2.14718,0.0317793,.
201068,14,47437326,rs10134041,T,C,Y,C,T,0.476703,N,ADD,279,0.727998,0.159113,-1.99517,0.0460243,.
207144,14,98408695,imm_14_97478448,T,C,Y,C,T,0.457597,N,ADD,283,1.39234,0.163402,2.0256,0.0428057,.
207148,14,98409815,imm_14_97479568,C,T,Y,T,C,0.4625,N,ADD,280,1.44908,0.164298,2.25767,0.0239661,.
207151,14,98411330,imm_14_97481083,C,T,Y,T,C,0.457447,N,ADD,282,1.38484,0.162294,2.00615,0.04484,.
207154,14,98411826,imm_14_97481579,G,A,Y,A,G,0.464539,N,ADD,282,1.46063,0.162727,2.32825,0.0198987,.
207156,14,98413635,imm_14_97483388,T,C,Y,C,T,0.464286,N,ADD,280,1.46538,0.16386,2.33194,0.0197037,.
210391,15,62833859,rs2899680,A,G,Y,G,A,0.491007,N,ADD,278,1.45025,0.162555,2.28683,0.022206,.
212448,15,94945324,rs6497203,A,G,Y,G,A,0.483755,N,ADD,277,0.693053,0.159673,-2.29625,0.0216617,.
213496,16,8781510,rs11646372,C,T,Y,T,C,0.482014,N,ADD,278,1.47179,0.158401,2.43988,0.0146922,.
217295,16,50413232,rs8060063,A,G,Y,G,A,0.47331,N,ADD,281,0.735468,0.156228,-1.96667,0.0492217,.
217587,16,51078392,rs2160485,A,C,Y,C,A,0.472924,N,ADD,277,1.3936,0.160301,2.07041,0.0384141,.
222040,17,9392700,rs6503211,T,C,Y,C,T,0.473118,N,ADD,279,0.706176,0.154933,-2.24542,0.0247412,.
228268,18,5475746,rs4798368,A,G,Y,G,A,0.467972,N,ADD,281,0.702017,0.164524,-2.15043,0.031521,.
229547,18,20861916,rs7232992,A,T,Y,T,A,0.498201,N,ADD,278,1.45357,0.162621,2.29995,0.0214509,.
231420,18,43940065,rs2364835,C,T,Y,T,C,0.494662,N,ADD,281,1.37179,0.160723,1.96682,0.0492036,.
232928,18,71275627,rs4405633,G,A,Y,A,G,0.478648,N,ADD,281,0.714851,0.160786,-2.08775,0.03682,.
234472,19,16437048,rs12462380,A,G,Y,G,A,0.467972,N,ADD,281,1.50956,0.164155,2.50872,0.0121168,.
236743,19,51595583,rs2691272,A,G,Y,G,A,0.441901,N,ADD,284,0.716392,0.161945,-2.05951,0.0394454,.
236934,19,53278982,rs9304736,T,G,Y,G,T,0.455197,N,ADD,279,0.674718,0.164167,-2.39671,0.0165432,.
237440,19,55166721,rs4806798,A,G,Y,G,A,0.401079,N,ADD,278,0.713057,0.158912,-2.12819,0.0333215,.
237441,19,55166721,seq-rs4806798,A,G,Y,G,A,0.402135,N,ADD,281,0.715366,0.158739,-2.11014,0.0348464,.
237451,19,55172578,rs400322,A,G,Y,G,A,0.482079,N,ADD,279,1.39338,0.162649,2.03956,0.0413944,.
242466,20,54545162,rs1437213,A,G,Y,G,A,0.489399,N,ADD,283,0.706053,0.164821,-2.11178,0.0347056,.
244147,21,23943326,rs2827604,T,C,Y,C,T,0.496441,N,ADD,281,1.40555,0.16363,2.08046,0.0374829,.
245304,21,41739687,rs2837581,A,T,Y,T,A,0.485714,N,ADD,280,1.40131,0.163698,2.06115,0.0392889,.
245577,21,43292621,rs7275618,T,C,Y,C,T,0.390909,N,ADD,275,0.704544,0.164773,-2.12538,0.0335547,.
246821,22,19511925,22_17891925,G,A,Y,A,G,0.453901,N,ADD,282,1.38457,0.16247,2.00278,0.0452012,.
247087,22,22531023,rs5757244,C,T,Y,T,C,0.475265,N,ADD,283,0.724641,0.16376,-1.96678,0.0492087,.
247227,22,26342529,rs2105945,C,T,Y,T,C,0.433692,N,ADD,279,0.6473,0.162148,-2.6824,0.00730965,.
250419,X,4637705,rs5961518,A,G,Y,G,A,0.489051,N,ADD,274,0.719532,0.152569,-2.1574,0.0309743,.
251029,X,12997759,1kg_X_12907680,A,G,Y,G,A,0.390511,N,ADD,274,1.38781,0.15909,2.06003,0.0393955,.
251093,X,13023741,1kg_X_12933662,C,T,Y,T,C,0.361314,N,ADD,274,1.45963,0.162873,2.32195,0.0202355,.
251097,X,13024079,1kg_X_12934000,G,A,Y,A,G,0.332117,N,ADD,274,1.48415,0.164271,2.40361,0.0162342,.
251289,X,32152670,rs6628677,C,T,Y,T,C,0.423358,N,ADD,274,1.49559,0.157975,2.54801,0.0108339,.
251443,X,44259663,rs1545469,G,T,Y,T,G,0.394161,N,ADD,274,0.564016,0.16122,-3.55211,0.000382161,.
251445,X,44297063,rs6520936,G,A,Y,A,G,0.445055,N,ADD,273,1.56023,0.157577,2.82297,0.00475816,.
251549,X,69300000,rs5980684,C,T,Y,T,C,0.437956,N,ADD,274,1.35989,0.155581,1.97586,0.0481711,.
252095,X,145210209,rs7061770,C,T,Y,T,C,0.374088,N,ADD,274,1.46554,0.159494,2.39647,0.016554,.
252097,X,145220038,rs5966049,G,T,Y,T,G,0.437956,N,ADD,274,1.42761,0.156193,2.27924,0.0226527,.
